idea,success
cassette tape business,0
dvd rental shop,0
cd burning shop,0
fax machine repair,0
manual typing service,0
job portal platform,1
telephone booth service,0
telemedicine platform,1
virtual event platform,1
manual typing service,0
cybersecurity solution,1
AI chatbot for students,1
language learning app,1
home automation system,1
women safety app,1
telemedicine platform,1
cyber cafe with old computers,0
renewable energy startup,1
analog clock repair,0
cyber cafe with old computers,0
cyber cafe with old computers,0
cybersecurity solution,1
film camera processing,0
fax machine repair,0
telephone booth service,0
dvd rental shop,0
floppy disk sales,0
cybersecurity solution,1
physical dictionary sales,0
telephone booth service,0
physical dictionary sales,0
cybersecurity solution,1
online learning app,1
smart farming platform,1
floppy disk sales,0
analog clock repair,0
home automation system,1
job portal platform,1
cloud kitchen startup,1
film camera processing,0
job portal platform,1
old printing press,0
AI recruitment platform,1
women safety app,1
online learning app,1
telephone booth service,0
digital payment system,1
renewable energy startup,1
telephone booth service,0
job portal platform,1
women safety app,1
old newspaper printing,0
online learning app,1
typewriter repair center,0
telephone booth service,0
cloud kitchen startup,1
offline ticket booking center,0
pager communication business,0
online doctor consultation,1
telemedicine platform,1
smart farming platform,1
women safety app,1
smart farming platform,1
AI stock market assistant,1
virtual event platform,1
physical dictionary sales,0
online doctor consultation,1
old printing press,0
cloud kitchen startup,1
virtual event platform,1
AI healthcare assistant,1
manual typing service,0
dvd rental shop,0
home automation system,1
physical dictionary sales,0
fitness tracking app,1
fitness tracking app,1
telemedicine platform,1
pager communication business,0
cd burning shop,0
vcr rental shop,0
AI healthcare assistant,1
telephone booth service,0
landline phone repair,0
language learning app,1
film camera processing,0
home automation system,1
vcr rental shop,0
virtual event platform,1
floppy disk sales,0
home automation system,1
AI stock market assistant,1
cloud kitchen startup,1
online learning app,1
physical dictionary sales,0
cyber cafe with old computers,0
analog clock repair,0
AI chatbot for students,1
women safety app,1
telephone booth service,0
AI stock market assistant,1
AI chatbot for students,1
telemedicine platform,1
manual telegram service,0
renewable energy startup,1
online doctor consultation,1
online learning app,1
cassette tape business,0
cd burning shop,0
food delivery app,1
online doctor consultation,1
food delivery app,1
food delivery app,1
electric vehicle charging station,1
manual typing service,0
analog clock repair,0
home automation system,1
telemedicine platform,1
AI chatbot for students,1
offline ticket booking center,0
vcr rental shop,0
AI stock market assistant,1
old printing press,0
cd burning shop,0
vcr rental shop,0
home automation system,1
analog clock repair,0
AI chatbot for students,1
home automation system,1
pager communication business,0
telephone booth service,0
AI stock market assistant,1
old radio repair,0
job portal platform,1
old newspaper printing,0
AI chatbot for students,1
cd burning shop,0
dvd rental shop,0
offline ticket booking center,0
vcr rental shop,0
electric vehicle charging station,1
pager communication business,0
cyber cafe with old computers,0
pager communication business,0
AI chatbot for students,1
cassette tape business,0
fitness tracking app,1
manual telegram service,0
offline ticket booking center,0
fitness tracking app,1
electric vehicle charging station,1
offline ticket booking center,0
analog clock repair,0
language learning app,1
landline phone repair,0
renewable energy startup,1
physical dictionary sales,0
old printing press,0
landline phone repair,0
job portal platform,1
dvd rental shop,0
floppy disk sales,0
old newspaper printing,0
electric vehicle charging station,1
AI stock market assistant,1
virtual event platform,1
analog clock repair,0
AI stock market assistant,1
dvd rental shop,0
online doctor consultation,1
renewable energy startup,1
AI stock market assistant,1
old newspaper printing,0
home automation system,1
manual typing service,0
cd burning shop,0
cassette tape business,0
fitness tracking app,1
typewriter repair center,0
fax machine repair,0
cyber cafe with old computers,0
floppy disk sales,0
virtual event platform,1
manual telegram service,0
floppy disk sales,0
electric vehicle charging station,1
landline phone repair,0
fitness tracking app,1
physical dictionary sales,0
fax machine repair,0
cyber cafe with old computers,0
telephone booth service,0
old printing press,0
cd burning shop,0
old radio repair,0
electric vehicle charging station,1
AI chatbot for students,1
fitness tracking app,1
old newspaper printing,0
film camera processing,0
typewriter repair center,0
telephone booth service,0
renewable energy startup,1
cybersecurity solution,1
manual typing service,0
online learning app,1
dvd rental shop,0
online doctor consultation,1
dvd rental shop,0
fitness tracking app,1
fitness tracking app,1
cassette tape business,0
AI chatbot for students,1
pager communication business,0
physical dictionary sales,0
home automation system,1
film camera processing,0
digital payment system,1
AI chatbot for students,1
electric vehicle charging station,1
analog clock repair,0
online learning app,1
fitness tracking app,1
language learning app,1
cybersecurity solution,1
job portal platform,1
old radio repair,0
AI chatbot for students,1
AI healthcare assistant,1
smart farming platform,1
online learning app,1
cyber cafe with old computers,0
old newspaper printing,0
home automation system,1
online learning app,1
cyber cafe with old computers,0
fitness tracking app,1
fitness tracking app,1
cybersecurity solution,1
offline ticket booking center,0
AI recruitment platform,1
virtual event platform,1
typewriter repair center,0
electric vehicle charging station,1
online doctor consultation,1
telemedicine platform,1
telephone booth service,0
AI stock market assistant,1
old printing press,0
home automation system,1
AI stock market assistant,1
manual typing service,0
analog clock repair,0
renewable energy startup,1
vcr rental shop,0
dvd rental shop,0
language learning app,1
cloud kitchen startup,1
electric vehicle charging station,1
film camera processing,0
fax machine repair,0
online doctor consultation,1
fitness tracking app,1
food delivery app,1
offline ticket booking center,0
old radio repair,0
old radio repair,0
offline ticket booking center,0
food delivery app,1
typewriter repair center,0
renewable energy startup,1
cassette tape business,0
vcr rental shop,0
AI chatbot for students,1
home automation system,1
old newspaper printing,0
food delivery app,1
analog clock repair,0
cd burning shop,0
dvd rental shop,0
virtual event platform,1
AI healthcare assistant,1
cybersecurity solution,1
vcr rental shop,0
digital payment system,1
cybersecurity solution,1
language learning app,1
renewable energy startup,1
cloud kitchen startup,1
home automation system,1
floppy disk sales,0
women safety app,1
old radio repair,0
old newspaper printing,0
manual typing service,0
vcr rental shop,0
telephone booth service,0
telephone booth service,0
cloud kitchen startup,1
AI stock market assistant,1
manual typing service,0
cd burning shop,0
manual telegram service,0
pager communication business,0
job portal platform,1
food delivery app,1
renewable energy startup,1
old printing press,0
digital payment system,1
renewable energy startup,1
food delivery app,1
fax machine repair,0
vcr rental shop,0
fax machine repair,0
smart farming platform,1
online doctor consultation,1
landline phone repair,0
floppy disk sales,0
AI recruitment platform,1
cd burning shop,0
old radio repair,0
cloud kitchen startup,1
online doctor consultation,1
electric vehicle charging station,1
smart farming platform,1
electric vehicle charging station,1
telephone booth service,0
cassette tape business,0
women safety app,1
telemedicine platform,1
old printing press,0
vcr rental shop,0
electric vehicle charging station,1
women safety app,1
food delivery app,1
film camera processing,0
electric vehicle charging station,1
floppy disk sales,0
AI chatbot for students,1
pager communication business,0
typewriter repair center,0
old radio repair,0
dvd rental shop,0
manual telegram service,0
cd burning shop,0
telephone booth service,0
old radio repair,0
language learning app,1
offline ticket booking center,0
AI stock market assistant,1
electric vehicle charging station,1
landline phone repair,0
film camera processing,0
online doctor consultation,1
AI chatbot for students,1
old radio repair,0
offline ticket booking center,0
pager communication business,0
digital payment system,1
home automation system,1
smart farming platform,1
old printing press,0
cassette tape business,0
fax machine repair,0
physical dictionary sales,0
fitness tracking app,1
landline phone repair,0
language learning app,1
virtual event platform,1
cd burning shop,0
renewable energy startup,1
dvd rental shop,0
old radio repair,0
physical dictionary sales,0
cyber cafe with old computers,0
manual typing service,0
women safety app,1
typewriter repair center,0
cyber cafe with old computers,0
electric vehicle charging station,1
film camera processing,0
online learning app,1
telephone booth service,0
old radio repair,0
women safety app,1
online learning app,1
fitness tracking app,1
floppy disk sales,0
physical dictionary sales,0
floppy disk sales,0
online learning app,1
virtual event platform,1
analog clock repair,0
cybersecurity solution,1
cassette tape business,0
old printing press,0
cd burning shop,0
old newspaper printing,0
telephone booth service,0
electric vehicle charging station,1
telephone booth service,0
old radio repair,0
dvd rental shop,0
fitness tracking app,1
manual telegram service,0
home automation system,1
old printing press,0
manual telegram service,0
language learning app,1
cybersecurity solution,1
food delivery app,1
telephone booth service,0
fitness tracking app,1
AI recruitment platform,1
online learning app,1
AI chatbot for students,1
virtual event platform,1
AI healthcare assistant,1
language learning app,1
old newspaper printing,0
AI chatbot for students,1
fitness tracking app,1
home automation system,1
online doctor consultation,1
digital payment system,1
old printing press,0
language learning app,1
smart farming platform,1
physical dictionary sales,0
old radio repair,0
online doctor consultation,1
online learning app,1
typewriter repair center,0
analog clock repair,0
old newspaper printing,0
cd burning shop,0
cassette tape business,0
digital payment system,1
AI recruitment platform,1
pager communication business,0
old radio repair,0
film camera processing,0
cloud kitchen startup,1
landline phone repair,0
AI stock market assistant,1
manual telegram service,0
floppy disk sales,0
cassette tape business,0
smart farming platform,1
analog clock repair,0
AI recruitment platform,1
job portal platform,1
electric vehicle charging station,1
women safety app,1
analog clock repair,0
AI healthcare assistant,1
renewable energy startup,1
AI chatbot for students,1
cybersecurity solution,1
online doctor consultation,1
cybersecurity solution,1
offline ticket booking center,0
women safety app,1
cd burning shop,0
typewriter repair center,0
film camera processing,0
manual typing service,0
digital payment system,1
physical dictionary sales,0
dvd rental shop,0
smart farming platform,1
fitness tracking app,1
analog clock repair,0
pager communication business,0
fitness tracking app,1
telemedicine platform,1
AI stock market assistant,1
fitness tracking app,1
old newspaper printing,0
fitness tracking app,1
landline phone repair,0
home automation system,1
cassette tape business,0
smart farming platform,1
analog clock repair,0
job portal platform,1
language learning app,1
fax machine repair,0
floppy disk sales,0
cassette tape business,0
smart farming platform,1
renewable energy startup,1
renewable energy startup,1
telephone booth service,0
cyber cafe with old computers,0
dvd rental shop,0
analog clock repair,0
digital payment system,1
fax machine repair,0
physical dictionary sales,0
AI Mental Health Assistant,1
Blockchain Supply Chain Platform,1
Drone Delivery Service,1
Smart Waste Management System,1
AI Legal Assistant,1
Carbon Tracking Platform,1
EV Battery Recycling Startup,1
AI Interview Preparation Tool,1
Personal Finance Coach App,1
Remote Team Collaboration Platform,1
Video Cassette Manufacturing,0
Telephone Directory Printing,0
Pager Rental Service,0
Internet Cafe Using Windows XP,0
CD Rental Library,0
Film Roll Development Center,0
Typewriter Sales Shop,0
Manual Ticket Reservation Office,0
Fax Marketing Agency,0
Physical Encyclopedia Sales,0